{
	"credit": "Made with Blockbench",
	"texture_size": [32, 32],
	"textures": {
		"0": "OriginiumHealingWandGlassPainted",
		"particle": "OriginiumHealingWandGlassPainted"
	},
	"elements": [
		{
			"from": [7, 10.5, 7],
			"to": [9, 12.5, 7.25],
			"faces": {
				"north": {"uv": [4, 0, 5, 1], "texture": "#0"},
				"east": {"uv": [0, 6, 0.125, 7], "texture": "#0"},
				"south": {"uv": [4, 1, 5, 2], "texture": "#0"},
				"west": {"uv": [6, 0, 6.125, 1], "texture": "#0"},
				"up": {"uv": [1.5, 6.125, 0.5, 6], "texture": "#0"},
				"down": {"uv": [7, 1, 6, 1.125], "texture": "#0"}
			}
		},
		{
			"from": [7, 10.5, 8.75],
			"to": [9, 12.5, 9],
			"faces": {
				"north": {"uv": [4, 2, 5, 3], "texture": "#0"},
				"east": {"uv": [1.5, 6, 1.625, 7], "texture": "#0"},
				"south": {"uv": [4, 3, 5, 4], "texture": "#0"},
				"west": {"uv": [6, 1.5, 6.125, 2.5], "texture": "#0"},
				"up": {"uv": [3, 6.125, 2, 6], "texture": "#0"},
				"down": {"uv": [7, 2.5, 6, 2.625], "texture": "#0"}
			}
		},
		{
			"from": [7, 10.5, 7.25],
			"to": [7.25, 12.5, 8.75],
			"faces": {
				"north": {"uv": [3, 6, 3.125, 7], "texture": "#0"},
				"east": {"uv": [5, 1, 5.75, 2], "texture": "#0"},
				"south": {"uv": [6, 3, 6.125, 4], "texture": "#0"},
				"west": {"uv": [2, 5, 2.75, 6], "texture": "#0"},
				"up": {"uv": [6.125, 4.75, 6, 4], "texture": "#0"},
				"down": {"uv": [4.625, 6, 4.5, 6.75], "texture": "#0"}
			}
		},
		{
			"from": [8.75, 10.5, 7.25],
			"to": [9, 12.5, 8.75],
			"faces": {
				"north": {"uv": [3.5, 6, 3.625, 7], "texture": "#0"},
				"east": {"uv": [5, 2, 5.75, 3], "texture": "#0"},
				"south": {"uv": [4, 6, 4.125, 7], "texture": "#0"},
				"west": {"uv": [3, 5, 3.75, 6], "texture": "#0"},
				"up": {"uv": [5.125, 6.75, 5, 6], "texture": "#0"},
				"down": {"uv": [6.125, 5, 6, 5.75], "texture": "#0"}
			}
		},
		{
			"from": [7.2, 12.25, 7.25],
			"to": [8.75, 12.5, 8.75],
			"faces": {
				"north": {"uv": [5.5, 6, 6.25, 6.125], "texture": "#0"},
				"east": {"uv": [6.5, 0, 7.25, 0.125], "texture": "#0"},
				"south": {"uv": [0.5, 6.5, 1.25, 6.625], "texture": "#0"},
				"west": {"uv": [6.5, 0.5, 7.25, 0.625], "texture": "#0"},
				"up": {"uv": [5.75, 3.75, 5, 3], "texture": "#0"},
				"down": {"uv": [4.75, 5, 4, 5.75], "texture": "#0"}
			}
		},
		{
			"from": [7.65, 10.452, 7.639],
			"to": [7.7, 10.602, 7.689],
			"rotation": {"angle": 0, "axis": "x", "origin": [7.775, 10.69147, 7.62145]},
			"faces": {
				"north": {"uv": [9.5, 3.5, 9.5625, 3.5625], "texture": "#0"},
				"east": {"uv": [4, 9.5, 4.0625, 9.5625], "texture": "#0"},
				"south": {"uv": [9.5, 4, 9.5625, 4.0625], "texture": "#0"},
				"west": {"uv": [4.5, 9.5, 4.5625, 9.5625], "texture": "#0"},
				"up": {"uv": [9.5625, 4.5625, 9.5, 4.5], "texture": "#0"},
				"down": {"uv": [5.0625, 9.5, 5, 9.5625], "texture": "#0"}
			}
		},
		{
			"from": [7.65, 10.452, 7.559],
			"to": [7.7, 10.602, 7.609],
			"rotation": {"angle": 0, "axis": "y", "origin": [7.775, 10.69147, 7.62145]},
			"faces": {
				"north": {"uv": [9.5, 5, 9.5625, 5.0625], "texture": "#0"},
				"east": {"uv": [5.5, 9.5, 5.5625, 9.5625], "texture": "#0"},
				"south": {"uv": [9.5, 5.5, 9.5625, 5.5625], "texture": "#0"},
				"west": {"uv": [6, 9.5, 6.0625, 9.5625], "texture": "#0"},
				"up": {"uv": [9.5625, 6.0625, 9.5, 6], "texture": "#0"},
				"down": {"uv": [6.5625, 9.5, 6.5, 9.5625], "texture": "#0"}
			}
		},
		{
			"from": [7.69, 10.452, 7.58787],
			"to": [7.74, 10.602, 7.63787],
			"rotation": {"angle": 0, "axis": "y", "origin": [7.81562, 10.527, 7.71287]},
			"faces": {
				"north": {"uv": [9.5, 6.5, 9.5625, 6.5625], "texture": "#0"},
				"east": {"uv": [7, 9.5, 7.0625, 9.5625], "texture": "#0"},
				"south": {"uv": [9.5, 7, 9.5625, 7.0625], "texture": "#0"},
				"west": {"uv": [7.5, 9.5, 7.5625, 9.5625], "texture": "#0"},
				"up": {"uv": [9.5625, 7.5625, 9.5, 7.5], "texture": "#0"},
				"down": {"uv": [8.0625, 9.5, 8, 9.5625], "texture": "#0"}
			}
		},
		{
			"from": [7.61, 10.452, 7.6],
			"to": [7.66, 10.602, 7.65],
			"rotation": {"angle": 0, "axis": "y", "origin": [7.81562, 10.527, 7.71287]},
			"faces": {
				"north": {"uv": [9.5, 8, 9.5625, 8.0625], "texture": "#0"},
				"east": {"uv": [8.5, 9.5, 8.5625, 9.5625], "texture": "#0"},
				"south": {"uv": [9.5, 8.5, 9.5625, 8.5625], "texture": "#0"},
				"west": {"uv": [9, 9.5, 9.0625, 9.5625], "texture": "#0"},
				"up": {"uv": [9.5625, 9.0625, 9.5, 9], "texture": "#0"},
				"down": {"uv": [9.5625, 9.5, 9.5, 9.5625], "texture": "#0"}
			}
		},
		{
			"from": [7.65, 10.56647, 7.59645],
			"to": [7.7, 10.71647, 7.64645],
			"rotation": {"angle": -22.5, "axis": "x", "origin": [7.775, 10.69147, 7.62145]},
			"faces": {
				"north": {"uv": [0, 10, 0.0625, 10.0625], "texture": "#0"},
				"east": {"uv": [10, 0, 10.0625, 0.0625], "texture": "#0"},
				"south": {"uv": [0.5, 10, 0.5625, 10.0625], "texture": "#0"},
				"west": {"uv": [10, 0.5, 10.0625, 0.5625], "texture": "#0"},
				"up": {"uv": [1.0625, 10.0625, 1, 10], "texture": "#0"},
				"down": {"uv": [10.0625, 1, 10, 1.0625], "texture": "#0"}
			}
		},
		{
			"from": [7.63232, 10.56295, 7.59645],
			"to": [7.68232, 10.71295, 7.64645],
			"rotation": {"angle": -22.5, "axis": "z", "origin": [7.675, 10.64527, 7.62145]},
			"faces": {
				"north": {"uv": [1.5, 10, 1.5625, 10.0625], "texture": "#0"},
				"east": {"uv": [10, 1.5, 10.0625, 1.5625], "texture": "#0"},
				"south": {"uv": [2, 10, 2.0625, 10.0625], "texture": "#0"},
				"west": {"uv": [10, 2, 10.0625, 2.0625], "texture": "#0"},
				"up": {"uv": [2.5625, 10.0625, 2.5, 10], "texture": "#0"},
				"down": {"uv": [10.0625, 2.5, 10, 2.5625], "texture": "#0"}
			}
		},
		{
			"from": [7.66768, 10.56295, 7.59645],
			"to": [7.71768, 10.71295, 7.64645],
			"rotation": {"angle": 22.5, "axis": "z", "origin": [7.675, 10.64527, 7.62145]},
			"faces": {
				"north": {"uv": [3, 10, 3.0625, 10.0625], "texture": "#0"},
				"east": {"uv": [10, 3, 10.0625, 3.0625], "texture": "#0"},
				"south": {"uv": [3.5, 10, 3.5625, 10.0625], "texture": "#0"},
				"west": {"uv": [10, 3.5, 10.0625, 3.5625], "texture": "#0"},
				"up": {"uv": [4.0625, 10.0625, 4, 10], "texture": "#0"},
				"down": {"uv": [10.0625, 4, 10, 4.0625], "texture": "#0"}
			}
		},
		{
			"from": [7.65, 10.56647, 7.59645],
			"to": [7.7, 10.71647, 7.64645],
			"rotation": {"angle": 22.5, "axis": "x", "origin": [7.775, 10.69147, 7.62145]},
			"faces": {
				"north": {"uv": [4.5, 10, 4.5625, 10.0625], "texture": "#0"},
				"east": {"uv": [10, 4.5, 10.0625, 4.5625], "texture": "#0"},
				"south": {"uv": [5, 10, 5.0625, 10.0625], "texture": "#0"},
				"west": {"uv": [10, 5, 10.0625, 5.0625], "texture": "#0"},
				"up": {"uv": [5.5625, 10.0625, 5.5, 10], "texture": "#0"},
				"down": {"uv": [10.0625, 5.5, 10, 5.5625], "texture": "#0"}
			}
		},
		{
			"from": [7.65, 10.32759, 7.57878],
			"to": [7.7, 10.47759, 7.62878],
			"rotation": {"angle": -22.5, "axis": "x", "origin": [7.675, 10.39527, 7.62145]},
			"faces": {
				"north": {"uv": [6, 10, 6.0625, 10.0625], "texture": "#0"},
				"east": {"uv": [10, 6, 10.0625, 6.0625], "texture": "#0"},
				"south": {"uv": [6.5, 10, 6.5625, 10.0625], "texture": "#0"},
				"west": {"uv": [10, 6.5, 10.0625, 6.5625], "texture": "#0"},
				"up": {"uv": [7.0625, 10.0625, 7, 10], "texture": "#0"},
				"down": {"uv": [10.0625, 7, 10, 7.0625], "texture": "#0"}
			}
		},
		{
			"from": [7.65, 10.32759, 7.61413],
			"to": [7.7, 10.47759, 7.66413],
			"rotation": {"angle": 22.5, "axis": "x", "origin": [7.675, 10.39527, 7.62145]},
			"faces": {
				"north": {"uv": [7.5, 10, 7.5625, 10.0625], "texture": "#0"},
				"east": {"uv": [10, 7.5, 10.0625, 7.5625], "texture": "#0"},
				"south": {"uv": [8, 10, 8.0625, 10.0625], "texture": "#0"},
				"west": {"uv": [10, 8, 10.0625, 8.0625], "texture": "#0"},
				"up": {"uv": [8.5625, 10.0625, 8.5, 10], "texture": "#0"},
				"down": {"uv": [10.0625, 8.5, 10, 8.5625], "texture": "#0"}
			}
		},
		{
			"from": [7.66768, 10.32759, 7.59645],
			"to": [7.71768, 10.47759, 7.64645],
			"rotation": {"angle": -22.5, "axis": "z", "origin": [7.675, 10.39527, 7.62145]},
			"faces": {
				"north": {"uv": [9, 10, 9.0625, 10.0625], "texture": "#0"},
				"east": {"uv": [10, 9, 10.0625, 9.0625], "texture": "#0"},
				"south": {"uv": [9.5, 10, 9.5625, 10.0625], "texture": "#0"},
				"west": {"uv": [10, 9.5, 10.0625, 9.5625], "texture": "#0"},
				"up": {"uv": [10.0625, 10.0625, 10, 10], "texture": "#0"},
				"down": {"uv": [0.0625, 10.5, 0, 10.5625], "texture": "#0"}
			}
		},
		{
			"from": [7.63232, 10.32759, 7.59645],
			"to": [7.68232, 10.47759, 7.64645],
			"rotation": {"angle": 22.5, "axis": "z", "origin": [7.675, 10.39527, 7.62145]},
			"faces": {
				"north": {"uv": [10.5, 0, 10.5625, 0.0625], "texture": "#0"},
				"east": {"uv": [0.5, 10.5, 0.5625, 10.5625], "texture": "#0"},
				"south": {"uv": [10.5, 0.5, 10.5625, 0.5625], "texture": "#0"},
				"west": {"uv": [1, 10.5, 1.0625, 10.5625], "texture": "#0"},
				"up": {"uv": [10.5625, 1.0625, 10.5, 1], "texture": "#0"},
				"down": {"uv": [1.5625, 10.5, 1.5, 10.5625], "texture": "#0"}
			}
		},
		{
			"from": [8.45, 10.552, 8.439],
			"to": [8.5, 10.702, 8.489],
			"rotation": {"angle": 0, "axis": "y", "origin": [8.575, 10.79147, 8.42145]},
			"faces": {
				"north": {"uv": [10.5, 1.5, 10.5625, 1.5625], "texture": "#0"},
				"east": {"uv": [2, 10.5, 2.0625, 10.5625], "texture": "#0"},
				"south": {"uv": [10.5, 2, 10.5625, 2.0625], "texture": "#0"},
				"west": {"uv": [2.5, 10.5, 2.5625, 10.5625], "texture": "#0"},
				"up": {"uv": [10.5625, 2.5625, 10.5, 2.5], "texture": "#0"},
				"down": {"uv": [3.0625, 10.5, 3, 10.5625], "texture": "#0"}
			}
		},
		{
			"from": [8.45, 10.552, 8.359],
			"to": [8.5, 10.702, 8.409],
			"rotation": {"angle": 0, "axis": "y", "origin": [8.575, 10.79147, 8.42145]},
			"faces": {
				"north": {"uv": [10.5, 3, 10.5625, 3.0625], "texture": "#0"},
				"east": {"uv": [3.5, 10.5, 3.5625, 10.5625], "texture": "#0"},
				"south": {"uv": [10.5, 3.5, 10.5625, 3.5625], "texture": "#0"},
				"west": {"uv": [4, 10.5, 4.0625, 10.5625], "texture": "#0"},
				"up": {"uv": [10.5625, 4.0625, 10.5, 4], "texture": "#0"},
				"down": {"uv": [4.5625, 10.5, 4.5, 10.5625], "texture": "#0"}
			}
		},
		{
			"from": [8.49, 10.552, 8.38787],
			"to": [8.54, 10.702, 8.43787],
			"rotation": {"angle": 0, "axis": "y", "origin": [8.61562, 10.627, 8.51287]},
			"faces": {
				"north": {"uv": [10.5, 4.5, 10.5625, 4.5625], "texture": "#0"},
				"east": {"uv": [5, 10.5, 5.0625, 10.5625], "texture": "#0"},
				"south": {"uv": [10.5, 5, 10.5625, 5.0625], "texture": "#0"},
				"west": {"uv": [5.5, 10.5, 5.5625, 10.5625], "texture": "#0"},
				"up": {"uv": [10.5625, 5.5625, 10.5, 5.5], "texture": "#0"},
				"down": {"uv": [6.0625, 10.5, 6, 10.5625], "texture": "#0"}
			}
		},
		{
			"from": [8.41, 10.552, 8.4],
			"to": [8.46, 10.702, 8.45],
			"rotation": {"angle": 0, "axis": "y", "origin": [8.61562, 10.627, 8.51287]},
			"faces": {
				"north": {"uv": [10.5, 6, 10.5625, 6.0625], "texture": "#0"},
				"east": {"uv": [6.5, 10.5, 6.5625, 10.5625], "texture": "#0"},
				"south": {"uv": [10.5, 6.5, 10.5625, 6.5625], "texture": "#0"},
				"west": {"uv": [7, 10.5, 7.0625, 10.5625], "texture": "#0"},
				"up": {"uv": [10.5625, 7.0625, 10.5, 7], "texture": "#0"},
				"down": {"uv": [7.5625, 10.5, 7.5, 10.5625], "texture": "#0"}
			}
		},
		{
			"from": [8.45, 10.66647, 8.39645],
			"to": [8.5, 10.81647, 8.44645],
			"rotation": {"angle": -22.5, "axis": "x", "origin": [8.575, 10.79147, 8.42145]},
			"faces": {
				"north": {"uv": [10.5, 7.5, 10.5625, 7.5625], "texture": "#0"},
				"east": {"uv": [8, 10.5, 8.0625, 10.5625], "texture": "#0"},
				"south": {"uv": [10.5, 8, 10.5625, 8.0625], "texture": "#0"},
				"west": {"uv": [8.5, 10.5, 8.5625, 10.5625], "texture": "#0"},
				"up": {"uv": [10.5625, 8.5625, 10.5, 8.5], "texture": "#0"},
				"down": {"uv": [9.0625, 10.5, 9, 10.5625], "texture": "#0"}
			}
		},
		{
			"from": [8.43232, 10.66295, 8.39645],
			"to": [8.48232, 10.81295, 8.44645],
			"rotation": {"angle": -22.5, "axis": "z", "origin": [8.475, 10.74527, 8.42145]},
			"faces": {
				"north": {"uv": [10.5, 9, 10.5625, 9.0625], "texture": "#0"},
				"east": {"uv": [9.5, 10.5, 9.5625, 10.5625], "texture": "#0"},
				"south": {"uv": [10.5, 9.5, 10.5625, 9.5625], "texture": "#0"},
				"west": {"uv": [10, 10.5, 10.0625, 10.5625], "texture": "#0"},
				"up": {"uv": [10.5625, 10.0625, 10.5, 10], "texture": "#0"},
				"down": {"uv": [10.5625, 10.5, 10.5, 10.5625], "texture": "#0"}
			}
		},
		{
			"from": [8.46768, 10.66295, 8.39645],
			"to": [8.51768, 10.81295, 8.44645],
			"rotation": {"angle": 22.5, "axis": "z", "origin": [8.475, 10.74527, 8.42145]},
			"faces": {
				"north": {"uv": [0, 11, 0.0625, 11.0625], "texture": "#0"},
				"east": {"uv": [11, 0, 11.0625, 0.0625], "texture": "#0"},
				"south": {"uv": [0.5, 11, 0.5625, 11.0625], "texture": "#0"},
				"west": {"uv": [11, 0.5, 11.0625, 0.5625], "texture": "#0"},
				"up": {"uv": [1.0625, 11.0625, 1, 11], "texture": "#0"},
				"down": {"uv": [11.0625, 1, 11, 1.0625], "texture": "#0"}
			}
		},
		{
			"from": [8.45, 10.66647, 8.39645],
			"to": [8.5, 10.81647, 8.44645],
			"rotation": {"angle": 22.5, "axis": "x", "origin": [8.575, 10.79147, 8.42145]},
			"faces": {
				"north": {"uv": [1.5, 11, 1.5625, 11.0625], "texture": "#0"},
				"east": {"uv": [11, 1.5, 11.0625, 1.5625], "texture": "#0"},
				"south": {"uv": [2, 11, 2.0625, 11.0625], "texture": "#0"},
				"west": {"uv": [11, 2, 11.0625, 2.0625], "texture": "#0"},
				"up": {"uv": [2.5625, 11.0625, 2.5, 11], "texture": "#0"},
				"down": {"uv": [11.0625, 2.5, 11, 2.5625], "texture": "#0"}
			}
		},
		{
			"from": [8.45, 10.42759, 8.37878],
			"to": [8.5, 10.57759, 8.42878],
			"rotation": {"angle": -22.5, "axis": "x", "origin": [8.475, 10.49527, 8.42145]},
			"faces": {
				"north": {"uv": [3, 11, 3.0625, 11.0625], "texture": "#0"},
				"east": {"uv": [11, 3, 11.0625, 3.0625], "texture": "#0"},
				"south": {"uv": [3.5, 11, 3.5625, 11.0625], "texture": "#0"},
				"west": {"uv": [11, 3.5, 11.0625, 3.5625], "texture": "#0"},
				"up": {"uv": [4.0625, 11.0625, 4, 11], "texture": "#0"},
				"down": {"uv": [11.0625, 4, 11, 4.0625], "texture": "#0"}
			}
		},
		{
			"from": [8.45, 10.42759, 8.41413],
			"to": [8.5, 10.57759, 8.46413],
			"rotation": {"angle": 22.5, "axis": "x", "origin": [8.475, 10.49527, 8.42145]},
			"faces": {
				"north": {"uv": [4.5, 11, 4.5625, 11.0625], "texture": "#0"},
				"east": {"uv": [11, 4.5, 11.0625, 4.5625], "texture": "#0"},
				"south": {"uv": [5, 11, 5.0625, 11.0625], "texture": "#0"},
				"west": {"uv": [11, 5, 11.0625, 5.0625], "texture": "#0"},
				"up": {"uv": [5.5625, 11.0625, 5.5, 11], "texture": "#0"},
				"down": {"uv": [11.0625, 5.5, 11, 5.5625], "texture": "#0"}
			}
		},
		{
			"from": [8.46768, 10.42759, 8.39645],
			"to": [8.51768, 10.57759, 8.44645],
			"rotation": {"angle": -22.5, "axis": "z", "origin": [8.475, 10.49527, 8.42145]},
			"faces": {
				"north": {"uv": [6, 11, 6.0625, 11.0625], "texture": "#0"},
				"east": {"uv": [11, 6, 11.0625, 6.0625], "texture": "#0"},
				"south": {"uv": [6.5, 11, 6.5625, 11.0625], "texture": "#0"},
				"west": {"uv": [11, 6.5, 11.0625, 6.5625], "texture": "#0"},
				"up": {"uv": [7.0625, 11.0625, 7, 11], "texture": "#0"},
				"down": {"uv": [11.0625, 7, 11, 7.0625], "texture": "#0"}
			}
		},
		{
			"from": [8.43232, 10.42759, 8.39645],
			"to": [8.48232, 10.57759, 8.44645],
			"rotation": {"angle": 22.5, "axis": "z", "origin": [8.475, 10.49527, 8.42145]},
			"faces": {
				"north": {"uv": [7.5, 11, 7.5625, 11.0625], "texture": "#0"},
				"east": {"uv": [11, 7.5, 11.0625, 7.5625], "texture": "#0"},
				"south": {"uv": [8, 11, 8.0625, 11.0625], "texture": "#0"},
				"west": {"uv": [11, 8, 11.0625, 8.0625], "texture": "#0"},
				"up": {"uv": [8.5625, 11.0625, 8.5, 11], "texture": "#0"},
				"down": {"uv": [11.0625, 8.5, 11, 8.5625], "texture": "#0"}
			}
		},
		{
			"from": [7.9, 10.68684, 7.71754],
			"to": [8.15, 11.18684, 7.96754],
			"rotation": {"angle": 22.5, "axis": "x", "origin": [8.025, 10.23684, 7.84254]},
			"faces": {
				"north": {"uv": [6.5, 1.5, 6.625, 1.75], "texture": "#0"},
				"east": {"uv": [2, 6.5, 2.125, 6.75], "texture": "#0"},
				"south": {"uv": [6.5, 2, 6.625, 2.25], "texture": "#0"},
				"west": {"uv": [2.5, 6.5, 2.625, 6.75], "texture": "#0"},
				"up": {"uv": [6.125, 8.125, 6, 8], "texture": "#0"},
				"down": {"uv": [8.125, 6, 8, 6.125], "texture": "#0"}
			}
		},
		{
			"from": [7.9, 10.529, 8.1611],
			"to": [8.15, 11.029, 8.4111],
			"rotation": {"angle": -22.5, "axis": "x", "origin": [8.025, 10.779, 8.2861]},
			"faces": {
				"north": {"uv": [6.5, 3, 6.625, 3.25], "texture": "#0"},
				"east": {"uv": [6.5, 3.5, 6.625, 3.75], "texture": "#0"},
				"south": {"uv": [6.5, 4, 6.625, 4.25], "texture": "#0"},
				"west": {"uv": [6.5, 4.5, 6.625, 4.75], "texture": "#0"},
				"up": {"uv": [6.625, 8.125, 6.5, 8], "texture": "#0"},
				"down": {"uv": [8.125, 6.5, 8, 6.625], "texture": "#0"}
			}
		},
		{
			"from": [8.15365, 10.58539, 8.05],
			"to": [8.40365, 11.08539, 8.3],
			"rotation": {"angle": 22.5, "axis": "z", "origin": [8.37865, 10.43539, 8.175]},
			"faces": {
				"north": {"uv": [6.5, 5, 6.625, 5.25], "texture": "#0"},
				"east": {"uv": [5.5, 6.5, 5.625, 6.75], "texture": "#0"},
				"south": {"uv": [6.5, 5.5, 6.625, 5.75], "texture": "#0"},
				"west": {"uv": [6, 6.5, 6.125, 6.75], "texture": "#0"},
				"up": {"uv": [7.125, 8.125, 7, 8], "texture": "#0"},
				"down": {"uv": [8.125, 7, 8, 7.125], "texture": "#0"}
			}
		},
		{
			"from": [7.8, 10.585, 8.05],
			"to": [8.05, 11.085, 8.3],
			"rotation": {"angle": -22.5, "axis": "z", "origin": [7.75407, 10.8434, 8.175]},
			"faces": {
				"north": {"uv": [6.5, 6, 6.625, 6.25], "texture": "#0"},
				"east": {"uv": [6.5, 6.5, 6.625, 6.75], "texture": "#0"},
				"south": {"uv": [0, 7, 0.125, 7.25], "texture": "#0"},
				"west": {"uv": [0.5, 7, 0.625, 7.25], "texture": "#0"},
				"up": {"uv": [7.625, 8.125, 7.5, 8], "texture": "#0"},
				"down": {"uv": [8.125, 7.5, 8, 7.625], "texture": "#0"}
			}
		},
		{
			"from": [7.9, 10.30474, 7.92678],
			"to": [8.15, 10.80474, 8.17678],
			"rotation": {"angle": -22.5, "axis": "x", "origin": [8.02098, 10.82511, 8.19826]},
			"faces": {
				"north": {"uv": [1, 7, 1.125, 7.25], "texture": "#0"},
				"east": {"uv": [7, 1, 7.125, 1.25], "texture": "#0"},
				"south": {"uv": [1.5, 7, 1.625, 7.25], "texture": "#0"},
				"west": {"uv": [7, 1.5, 7.125, 1.75], "texture": "#0"},
				"up": {"uv": [8.125, 8.125, 8, 8], "texture": "#0"},
				"down": {"uv": [0.125, 8.5, 0, 8.625], "texture": "#0"}
			}
		},
		{
			"from": [7.9, 10.15133, 8.25976],
			"to": [8.15, 10.65133, 8.50976],
			"rotation": {"angle": 22.5, "axis": "x", "origin": [8.02098, 10.82511, 8.19826]},
			"faces": {
				"north": {"uv": [2, 7, 2.125, 7.25], "texture": "#0"},
				"east": {"uv": [7, 2, 7.125, 2.25], "texture": "#0"},
				"south": {"uv": [2.5, 7, 2.625, 7.25], "texture": "#0"},
				"west": {"uv": [7, 2.5, 7.125, 2.75], "texture": "#0"},
				"up": {"uv": [8.625, 0.125, 8.5, 0], "texture": "#0"},
				"down": {"uv": [0.625, 8.5, 0.5, 8.625], "texture": "#0"}
			}
		},
		{
			"from": [8.17729, 10.17204, 8.09652],
			"to": [8.42729, 10.67204, 8.34652],
			"rotation": {"angle": -22.5, "axis": "z", "origin": [8.02098, 10.82511, 8.19826]},
			"faces": {
				"north": {"uv": [3, 7, 3.125, 7.25], "texture": "#0"},
				"east": {"uv": [7, 3, 7.125, 3.25], "texture": "#0"},
				"south": {"uv": [3.5, 7, 3.625, 7.25], "texture": "#0"},
				"west": {"uv": [7, 3.5, 7.125, 3.75], "texture": "#0"},
				"up": {"uv": [8.625, 0.625, 8.5, 0.5], "texture": "#0"},
				"down": {"uv": [1.125, 8.5, 1, 8.625], "texture": "#0"}
			}
		},
		{
			"from": [7.66332, 10.16876, 8.09652],
			"to": [7.91332, 10.66876, 8.34652],
			"rotation": {"angle": 22.5, "axis": "z", "origin": [8.02098, 10.82511, 8.19826]},
			"faces": {
				"north": {"uv": [4, 7, 4.125, 7.25], "texture": "#0"},
				"east": {"uv": [7, 4, 7.125, 4.25], "texture": "#0"},
				"south": {"uv": [4.5, 7, 4.625, 7.25], "texture": "#0"},
				"west": {"uv": [7, 4.5, 7.125, 4.75], "texture": "#0"},
				"up": {"uv": [8.625, 1.125, 8.5, 1], "texture": "#0"},
				"down": {"uv": [1.625, 8.5, 1.5, 8.625], "texture": "#0"}
			}
		},
		{
			"from": [7.9, 10.98684, 7.51754],
			"to": [8.15, 11.48684, 7.76754],
			"rotation": {"angle": 22.5, "axis": "x", "origin": [8.025, 10.53684, 7.64254]},
			"faces": {
				"north": {"uv": [5, 7, 5.125, 7.25], "texture": "#0"},
				"east": {"uv": [7, 5, 7.125, 5.25], "texture": "#0"},
				"south": {"uv": [5.5, 7, 5.625, 7.25], "texture": "#0"},
				"west": {"uv": [7, 5.5, 7.125, 5.75], "texture": "#0"},
				"up": {"uv": [8.625, 1.625, 8.5, 1.5], "texture": "#0"},
				"down": {"uv": [2.125, 8.5, 2, 8.625], "texture": "#0"}
			}
		},
		{
			"from": [7.9, 10.829, 7.9611],
			"to": [8.15, 11.329, 8.2111],
			"rotation": {"angle": -22.5, "axis": "x", "origin": [8.025, 11.079, 8.0861]},
			"faces": {
				"north": {"uv": [6, 7, 6.125, 7.25], "texture": "#0"},
				"east": {"uv": [7, 6, 7.125, 6.25], "texture": "#0"},
				"south": {"uv": [6.5, 7, 6.625, 7.25], "texture": "#0"},
				"west": {"uv": [7, 6.5, 7.125, 6.75], "texture": "#0"},
				"up": {"uv": [8.625, 2.125, 8.5, 2], "texture": "#0"},
				"down": {"uv": [2.625, 8.5, 2.5, 8.625], "texture": "#0"}
			}
		},
		{
			"from": [8.15365, 10.88539, 7.85],
			"to": [8.40365, 11.38539, 8.1],
			"rotation": {"angle": 22.5, "axis": "z", "origin": [8.37865, 10.73539, 7.975]},
			"faces": {
				"north": {"uv": [7, 7, 7.125, 7.25], "texture": "#0"},
				"east": {"uv": [0, 7.5, 0.125, 7.75], "texture": "#0"},
				"south": {"uv": [7.5, 0, 7.625, 0.25], "texture": "#0"},
				"west": {"uv": [0.5, 7.5, 0.625, 7.75], "texture": "#0"},
				"up": {"uv": [8.625, 2.625, 8.5, 2.5], "texture": "#0"},
				"down": {"uv": [3.125, 8.5, 3, 8.625], "texture": "#0"}
			}
		},
		{
			"from": [7.8, 10.885, 7.85],
			"to": [8.05, 11.385, 8.1],
			"rotation": {"angle": -22.5, "axis": "z", "origin": [7.75407, 11.1434, 7.975]},
			"faces": {
				"north": {"uv": [7.5, 0.5, 7.625, 0.75], "texture": "#0"},
				"east": {"uv": [1, 7.5, 1.125, 7.75], "texture": "#0"},
				"south": {"uv": [7.5, 1, 7.625, 1.25], "texture": "#0"},
				"west": {"uv": [1.5, 7.5, 1.625, 7.75], "texture": "#0"},
				"up": {"uv": [8.625, 3.125, 8.5, 3], "texture": "#0"},
				"down": {"uv": [3.625, 8.5, 3.5, 8.625], "texture": "#0"}
			}
		},
		{
			"from": [7.9, 10.60474, 7.72678],
			"to": [8.15, 11.10474, 7.97678],
			"rotation": {"angle": -22.5, "axis": "x", "origin": [8.02098, 11.12511, 7.99826]},
			"faces": {
				"north": {"uv": [7.5, 1.5, 7.625, 1.75], "texture": "#0"},
				"east": {"uv": [2, 7.5, 2.125, 7.75], "texture": "#0"},
				"south": {"uv": [7.5, 2, 7.625, 2.25], "texture": "#0"},
				"west": {"uv": [2.5, 7.5, 2.625, 7.75], "texture": "#0"},
				"up": {"uv": [8.625, 3.625, 8.5, 3.5], "texture": "#0"},
				"down": {"uv": [4.125, 8.5, 4, 8.625], "texture": "#0"}
			}
		},
		{
			"from": [7.9, 10.45133, 8.05976],
			"to": [8.15, 10.95133, 8.30976],
			"rotation": {"angle": 22.5, "axis": "x", "origin": [8.02098, 11.12511, 7.99826]},
			"faces": {
				"north": {"uv": [7.5, 2.5, 7.625, 2.75], "texture": "#0"},
				"east": {"uv": [3, 7.5, 3.125, 7.75], "texture": "#0"},
				"south": {"uv": [7.5, 3, 7.625, 3.25], "texture": "#0"},
				"west": {"uv": [3.5, 7.5, 3.625, 7.75], "texture": "#0"},
				"up": {"uv": [8.625, 4.125, 8.5, 4], "texture": "#0"},
				"down": {"uv": [4.625, 8.5, 4.5, 8.625], "texture": "#0"}
			}
		},
		{
			"from": [8.17729, 10.47204, 7.89652],
			"to": [8.42729, 10.97204, 8.14652],
			"rotation": {"angle": -22.5, "axis": "z", "origin": [8.02098, 11.12511, 7.99826]},
			"faces": {
				"north": {"uv": [7.5, 3.5, 7.625, 3.75], "texture": "#0"},
				"east": {"uv": [4, 7.5, 4.125, 7.75], "texture": "#0"},
				"south": {"uv": [7.5, 4, 7.625, 4.25], "texture": "#0"},
				"west": {"uv": [4.5, 7.5, 4.625, 7.75], "texture": "#0"},
				"up": {"uv": [8.625, 4.625, 8.5, 4.5], "texture": "#0"},
				"down": {"uv": [5.125, 8.5, 5, 8.625], "texture": "#0"}
			}
		},
		{
			"from": [7.66332, 10.46876, 7.89652],
			"to": [7.91332, 10.96876, 8.14652],
			"rotation": {"angle": 22.5, "axis": "z", "origin": [8.02098, 11.12511, 7.99826]},
			"faces": {
				"north": {"uv": [7.5, 4.5, 7.625, 4.75], "texture": "#0"},
				"east": {"uv": [5, 7.5, 5.125, 7.75], "texture": "#0"},
				"south": {"uv": [7.5, 5, 7.625, 5.25], "texture": "#0"},
				"west": {"uv": [5.5, 7.5, 5.625, 7.75], "texture": "#0"},
				"up": {"uv": [8.625, 5.125, 8.5, 5], "texture": "#0"},
				"down": {"uv": [5.625, 8.5, 5.5, 8.625], "texture": "#0"}
			}
		},
		{
			"from": [7.9, 10.12913, 7.93887],
			"to": [8.15, 10.62913, 8.08887],
			"rotation": {"angle": -22.5, "axis": "y", "origin": [7.92098, 10.26431, 7.89826]},
			"faces": {
				"north": {"uv": [7.5, 5.5, 7.625, 5.75], "texture": "#0"},
				"east": {"uv": [8.5, 5.5, 8.5625, 5.75], "texture": "#0"},
				"south": {"uv": [6, 7.5, 6.125, 7.75], "texture": "#0"},
				"west": {"uv": [6, 8.5, 6.0625, 8.75], "texture": "#0"},
				"up": {"uv": [5.125, 9.0625, 5, 9], "texture": "#0"},
				"down": {"uv": [9.125, 5, 9, 5.0625], "texture": "#0"}
			}
		},
		{
			"from": [7.9, 9.956, 8.15242],
			"to": [8.15, 10.456, 8.30242],
			"rotation": {"angle": -22.5, "axis": "y", "origin": [7.92098, 10.26431, 7.89826]},
			"faces": {
				"north": {"uv": [7.5, 6, 7.625, 6.25], "texture": "#0"},
				"east": {"uv": [8.5, 6, 8.5625, 6.25], "texture": "#0"},
				"south": {"uv": [6.5, 7.5, 6.625, 7.75], "texture": "#0"},
				"west": {"uv": [6.5, 8.5, 6.5625, 8.75], "texture": "#0"},
				"up": {"uv": [5.625, 9.0625, 5.5, 9], "texture": "#0"},
				"down": {"uv": [9.125, 5.5, 9, 5.5625], "texture": "#0"}
			}
		},
		{
			"from": [8.00055, 9.97355, 8.05],
			"to": [8.25055, 10.47355, 8.2],
			"rotation": {"angle": -22.5, "axis": "y", "origin": [7.92098, 10.26431, 7.89826]},
			"faces": {
				"north": {"uv": [7.5, 6.5, 7.625, 6.75], "texture": "#0"},
				"east": {"uv": [8.5, 6.5, 8.5625, 6.75], "texture": "#0"},
				"south": {"uv": [7, 7.5, 7.125, 7.75], "texture": "#0"},
				"west": {"uv": [7, 8.5, 7.0625, 8.75], "texture": "#0"},
				"up": {"uv": [6.125, 9.0625, 6, 9], "texture": "#0"},
				"down": {"uv": [9.125, 6, 9, 6.0625], "texture": "#0"}
			}
		},
		{
			"from": [7.79005, 9.97684, 8.05],
			"to": [8.04005, 10.47684, 8.2],
			"rotation": {"angle": -22.5, "axis": "y", "origin": [7.92098, 10.26431, 7.89826]},
			"faces": {
				"north": {"uv": [7.5, 7, 7.625, 7.25], "texture": "#0"},
				"east": {"uv": [8.5, 7, 8.5625, 7.25], "texture": "#0"},
				"south": {"uv": [7.5, 7.5, 7.625, 7.75], "texture": "#0"},
				"west": {"uv": [7.5, 8.5, 7.5625, 8.75], "texture": "#0"},
				"up": {"uv": [6.625, 9.0625, 6.5, 9], "texture": "#0"},
				"down": {"uv": [9.125, 6.5, 9, 6.5625], "texture": "#0"}
			}
		},
		{
			"from": [7.9, 9.76184, 7.94243],
			"to": [8.15, 10.26184, 8.09243],
			"rotation": {"angle": -22.5, "axis": "y", "origin": [7.92098, 10.26431, 7.89826]},
			"faces": {
				"north": {"uv": [0, 8, 0.125, 8.25], "texture": "#0"},
				"east": {"uv": [8.5, 7.5, 8.5625, 7.75], "texture": "#0"},
				"south": {"uv": [8, 0, 8.125, 0.25], "texture": "#0"},
				"west": {"uv": [8, 8.5, 8.0625, 8.75], "texture": "#0"},
				"up": {"uv": [7.125, 9.0625, 7, 9], "texture": "#0"},
				"down": {"uv": [9.125, 7, 9, 7.0625], "texture": "#0"}
			}
		},
		{
			"from": [7.9, 9.68497, 8.22888],
			"to": [8.15, 10.18497, 8.37888],
			"rotation": {"angle": -22.5, "axis": "y", "origin": [7.92098, 10.26431, 7.89826]},
			"faces": {
				"north": {"uv": [0.5, 8, 0.625, 8.25], "texture": "#0"},
				"east": {"uv": [8.5, 8, 8.5625, 8.25], "texture": "#0"},
				"south": {"uv": [8, 0.5, 8.125, 0.75], "texture": "#0"},
				"west": {"uv": [8.5, 8.5, 8.5625, 8.75], "texture": "#0"},
				"up": {"uv": [7.625, 9.0625, 7.5, 9], "texture": "#0"},
				"down": {"uv": [9.125, 7.5, 9, 7.5625], "texture": "#0"}
			}
		},
		{
			"from": [8.15402, 9.66742, 8.09652],
			"to": [8.40402, 10.16742, 8.24652],
			"rotation": {"angle": -22.5, "axis": "y", "origin": [7.92098, 10.26431, 7.89826]},
			"faces": {
				"north": {"uv": [1, 8, 1.125, 8.25], "texture": "#0"},
				"east": {"uv": [0, 9, 0.0625, 9.25], "texture": "#0"},
				"south": {"uv": [8, 1, 8.125, 1.25], "texture": "#0"},
				"west": {"uv": [9, 0, 9.0625, 0.25], "texture": "#0"},
				"up": {"uv": [8.125, 9.0625, 8, 9], "texture": "#0"},
				"down": {"uv": [9.125, 8, 9, 8.0625], "texture": "#0"}
			}
		},
		{
			"from": [7.68659, 9.66413, 8.09652],
			"to": [7.93659, 10.16413, 8.24652],
			"rotation": {"angle": -22.5, "axis": "y", "origin": [7.92098, 10.26431, 7.89826]},
			"faces": {
				"north": {"uv": [1.5, 8, 1.625, 8.25], "texture": "#0"},
				"east": {"uv": [0.5, 9, 0.5625, 9.25], "texture": "#0"},
				"south": {"uv": [8, 1.5, 8.125, 1.75], "texture": "#0"},
				"west": {"uv": [9, 0.5, 9.0625, 0.75], "texture": "#0"},
				"up": {"uv": [8.625, 9.0625, 8.5, 9], "texture": "#0"},
				"down": {"uv": [9.125, 8.5, 9, 8.5625], "texture": "#0"}
			}
		},
		{
			"from": [7.9, 10.32976, 7.63929],
			"to": [8.15, 10.82976, 7.78929],
			"rotation": {"angle": -22.5, "axis": "y", "origin": [7.92098, 10.26431, 7.89826]},
			"faces": {
				"north": {"uv": [2, 8, 2.125, 8.25], "texture": "#0"},
				"east": {"uv": [1, 9, 1.0625, 9.25], "texture": "#0"},
				"south": {"uv": [8, 2, 8.125, 2.25], "texture": "#0"},
				"west": {"uv": [9, 1, 9.0625, 1.25], "texture": "#0"},
				"up": {"uv": [9.125, 9.0625, 9, 9], "texture": "#0"},
				"down": {"uv": [0.125, 9.5, 0, 9.5625], "texture": "#0"}
			}
		},
		{
			"from": [7.9, 10.3097, 8.08245],
			"to": [8.15, 10.8097, 8.23245],
			"rotation": {"angle": -22.5, "axis": "y", "origin": [7.92098, 10.26431, 7.89826]},
			"faces": {
				"north": {"uv": [2.5, 8, 2.625, 8.25], "texture": "#0"},
				"east": {"uv": [1.5, 9, 1.5625, 9.25], "texture": "#0"},
				"south": {"uv": [8, 2.5, 8.125, 2.75], "texture": "#0"},
				"west": {"uv": [9, 1.5, 9.0625, 1.75], "texture": "#0"},
				"up": {"uv": [9.625, 0.0625, 9.5, 0], "texture": "#0"},
				"down": {"uv": [0.625, 9.5, 0.5, 9.5625], "texture": "#0"}
			}
		},
		{
			"from": [8.11536, 10.25072, 7.85],
			"to": [8.36536, 10.75072, 8],
			"rotation": {"angle": -22.5, "axis": "y", "origin": [7.92098, 10.26431, 7.89826]},
			"faces": {
				"north": {"uv": [3, 8, 3.125, 8.25], "texture": "#0"},
				"east": {"uv": [2, 9, 2.0625, 9.25], "texture": "#0"},
				"south": {"uv": [8, 3, 8.125, 3.25], "texture": "#0"},
				"west": {"uv": [9, 2, 9.0625, 2.25], "texture": "#0"},
				"up": {"uv": [9.625, 0.5625, 9.5, 0.5], "texture": "#0"},
				"down": {"uv": [1.125, 9.5, 1, 9.5625], "texture": "#0"}
			}
		},
		{
			"from": [7.67525, 10.254, 7.85],
			"to": [7.92525, 10.754, 8],
			"rotation": {"angle": -22.5, "axis": "y", "origin": [7.92098, 10.26431, 7.89826]},
			"faces": {
				"north": {"uv": [3.5, 8, 3.625, 8.25], "texture": "#0"},
				"east": {"uv": [2.5, 9, 2.5625, 9.25], "texture": "#0"},
				"south": {"uv": [8, 3.5, 8.125, 3.75], "texture": "#0"},
				"west": {"uv": [9, 2.5, 9.0625, 2.75], "texture": "#0"},
				"up": {"uv": [9.625, 1.0625, 9.5, 1], "texture": "#0"},
				"down": {"uv": [1.625, 9.5, 1.5, 9.5625], "texture": "#0"}
			}
		},
		{
			"from": [7.9, 10.11554, 7.87246],
			"to": [8.15, 10.61554, 8.02246],
			"rotation": {"angle": -22.5, "axis": "y", "origin": [7.92098, 10.26431, 7.89826]},
			"faces": {
				"north": {"uv": [4, 8, 4.125, 8.25], "texture": "#0"},
				"east": {"uv": [3, 9, 3.0625, 9.25], "texture": "#0"},
				"south": {"uv": [8, 4, 8.125, 4.25], "texture": "#0"},
				"west": {"uv": [9, 3, 9.0625, 3.25], "texture": "#0"},
				"up": {"uv": [9.625, 1.5625, 9.5, 1.5], "texture": "#0"},
				"down": {"uv": [2.125, 9.5, 2, 9.5625], "texture": "#0"}
			}
		},
		{
			"from": [7.9, 9.8856, 7.9293],
			"to": [8.15, 10.3856, 8.0793],
			"rotation": {"angle": -22.5, "axis": "y", "origin": [7.92098, 10.26431, 7.89826]},
			"faces": {
				"north": {"uv": [4.5, 8, 4.625, 8.25], "texture": "#0"},
				"east": {"uv": [3.5, 9, 3.5625, 9.25], "texture": "#0"},
				"south": {"uv": [8, 4.5, 8.125, 4.75], "texture": "#0"},
				"west": {"uv": [9, 3.5, 9.0625, 3.75], "texture": "#0"},
				"up": {"uv": [9.625, 2.0625, 9.5, 2], "texture": "#0"},
				"down": {"uv": [2.625, 9.5, 2.5, 9.5625], "texture": "#0"}
			}
		},
		{
			"from": [8.03921, 9.94458, 7.89652],
			"to": [8.28921, 10.44458, 8.04652],
			"rotation": {"angle": -22.5, "axis": "y", "origin": [7.92098, 10.26431, 7.89826]},
			"faces": {
				"north": {"uv": [5, 8, 5.125, 8.25], "texture": "#0"},
				"east": {"uv": [4, 9, 4.0625, 9.25], "texture": "#0"},
				"south": {"uv": [8, 5, 8.125, 5.25], "texture": "#0"},
				"west": {"uv": [9, 4, 9.0625, 4.25], "texture": "#0"},
				"up": {"uv": [9.625, 2.5625, 9.5, 2.5], "texture": "#0"},
				"down": {"uv": [3.125, 9.5, 3, 9.5625], "texture": "#0"}
			}
		},
		{
			"from": [7.80139, 9.9413, 7.89652],
			"to": [8.05139, 10.4413, 8.04652],
			"rotation": {"angle": -22.5, "axis": "y", "origin": [7.92098, 10.26431, 7.89826]},
			"faces": {
				"north": {"uv": [5.5, 8, 5.625, 8.25], "texture": "#0"},
				"east": {"uv": [4.5, 9, 4.5625, 9.25], "texture": "#0"},
				"south": {"uv": [8, 5.5, 8.125, 5.75], "texture": "#0"},
				"west": {"uv": [9, 4.5, 9.0625, 4.75], "texture": "#0"},
				"up": {"uv": [9.625, 3.0625, 9.5, 3], "texture": "#0"},
				"down": {"uv": [3.625, 9.5, 3.5, 9.5625], "texture": "#0"}
			}
		},
		{
			"from": [8.45, 10.352, 8.439],
			"to": [8.5, 10.502, 8.489],
			"rotation": {"angle": -22.5, "axis": "y", "origin": [8.575, 10.69147, 8.22145]},
			"faces": {
				"north": {"uv": [9, 11, 9.0625, 11.0625], "texture": "#0"},
				"east": {"uv": [11, 9, 11.0625, 9.0625], "texture": "#0"},
				"south": {"uv": [9.5, 11, 9.5625, 11.0625], "texture": "#0"},
				"west": {"uv": [11, 9.5, 11.0625, 9.5625], "texture": "#0"},
				"up": {"uv": [10.0625, 11.0625, 10, 11], "texture": "#0"},
				"down": {"uv": [11.0625, 10, 11, 10.0625], "texture": "#0"}
			}
		},
		{
			"from": [8.45, 10.352, 8.359],
			"to": [8.5, 10.502, 8.409],
			"rotation": {"angle": -22.5, "axis": "y", "origin": [8.575, 10.69147, 8.22145]},
			"faces": {
				"north": {"uv": [10.5, 11, 10.5625, 11.0625], "texture": "#0"},
				"east": {"uv": [11, 10.5, 11.0625, 10.5625], "texture": "#0"},
				"south": {"uv": [11, 11, 11.0625, 11.0625], "texture": "#0"},
				"west": {"uv": [0, 11.5, 0.0625, 11.5625], "texture": "#0"},
				"up": {"uv": [11.5625, 0.0625, 11.5, 0], "texture": "#0"},
				"down": {"uv": [0.5625, 11.5, 0.5, 11.5625], "texture": "#0"}
			}
		},
		{
			"from": [8.49, 10.352, 8.38787],
			"to": [8.54, 10.502, 8.43787],
			"rotation": {"angle": -22.5, "axis": "y", "origin": [8.61562, 10.527, 8.31287]},
			"faces": {
				"north": {"uv": [11.5, 0.5, 11.5625, 0.5625], "texture": "#0"},
				"east": {"uv": [1, 11.5, 1.0625, 11.5625], "texture": "#0"},
				"south": {"uv": [11.5, 1, 11.5625, 1.0625], "texture": "#0"},
				"west": {"uv": [1.5, 11.5, 1.5625, 11.5625], "texture": "#0"},
				"up": {"uv": [11.5625, 1.5625, 11.5, 1.5], "texture": "#0"},
				"down": {"uv": [2.0625, 11.5, 2, 11.5625], "texture": "#0"}
			}
		},
		{
			"from": [8.41, 10.352, 8.4],
			"to": [8.46, 10.502, 8.45],
			"rotation": {"angle": -22.5, "axis": "y", "origin": [8.61562, 10.527, 8.31287]},
			"faces": {
				"north": {"uv": [11.5, 2, 11.5625, 2.0625], "texture": "#0"},
				"east": {"uv": [2.5, 11.5, 2.5625, 11.5625], "texture": "#0"},
				"south": {"uv": [11.5, 2.5, 11.5625, 2.5625], "texture": "#0"},
				"west": {"uv": [3, 11.5, 3.0625, 11.5625], "texture": "#0"},
				"up": {"uv": [11.5625, 3.0625, 11.5, 3], "texture": "#0"},
				"down": {"uv": [3.5625, 11.5, 3.5, 11.5625], "texture": "#0"}
			}
		},
		{
			"from": [8.45, 10.46647, 8.39645],
			"to": [8.5, 10.61647, 8.44645],
			"rotation": {"angle": -22.5, "axis": "y", "origin": [8.575, 10.69147, 8.22145]},
			"faces": {
				"north": {"uv": [11.5, 3.5, 11.5625, 3.5625], "texture": "#0"},
				"east": {"uv": [4, 11.5, 4.0625, 11.5625], "texture": "#0"},
				"south": {"uv": [11.5, 4, 11.5625, 4.0625], "texture": "#0"},
				"west": {"uv": [4.5, 11.5, 4.5625, 11.5625], "texture": "#0"},
				"up": {"uv": [11.5625, 4.5625, 11.5, 4.5], "texture": "#0"},
				"down": {"uv": [5.0625, 11.5, 5, 11.5625], "texture": "#0"}
			}
		},
		{
			"from": [8.43232, 10.46295, 8.39645],
			"to": [8.48232, 10.61295, 8.44645],
			"rotation": {"angle": -22.5, "axis": "y", "origin": [8.475, 10.64527, 8.22145]},
			"faces": {
				"north": {"uv": [11.5, 5, 11.5625, 5.0625], "texture": "#0"},
				"east": {"uv": [5.5, 11.5, 5.5625, 11.5625], "texture": "#0"},
				"south": {"uv": [11.5, 5.5, 11.5625, 5.5625], "texture": "#0"},
				"west": {"uv": [6, 11.5, 6.0625, 11.5625], "texture": "#0"},
				"up": {"uv": [11.5625, 6.0625, 11.5, 6], "texture": "#0"},
				"down": {"uv": [6.5625, 11.5, 6.5, 11.5625], "texture": "#0"}
			}
		},
		{
			"from": [8.46768, 10.46295, 8.39645],
			"to": [8.51768, 10.61295, 8.44645],
			"rotation": {"angle": -22.5, "axis": "y", "origin": [8.475, 10.64527, 8.22145]},
			"faces": {
				"north": {"uv": [11.5, 6.5, 11.5625, 6.5625], "texture": "#0"},
				"east": {"uv": [7, 11.5, 7.0625, 11.5625], "texture": "#0"},
				"south": {"uv": [11.5, 7, 11.5625, 7.0625], "texture": "#0"},
				"west": {"uv": [7.5, 11.5, 7.5625, 11.5625], "texture": "#0"},
				"up": {"uv": [11.5625, 7.5625, 11.5, 7.5], "texture": "#0"},
				"down": {"uv": [8.0625, 11.5, 8, 11.5625], "texture": "#0"}
			}
		},
		{
			"from": [8.45, 10.46647, 8.39645],
			"to": [8.5, 10.61647, 8.44645],
			"rotation": {"angle": -22.5, "axis": "y", "origin": [8.575, 10.69147, 8.22145]},
			"faces": {
				"north": {"uv": [11.5, 8, 11.5625, 8.0625], "texture": "#0"},
				"east": {"uv": [8.5, 11.5, 8.5625, 11.5625], "texture": "#0"},
				"south": {"uv": [11.5, 8.5, 11.5625, 8.5625], "texture": "#0"},
				"west": {"uv": [9, 11.5, 9.0625, 11.5625], "texture": "#0"},
				"up": {"uv": [11.5625, 9.0625, 11.5, 9], "texture": "#0"},
				"down": {"uv": [9.5625, 11.5, 9.5, 11.5625], "texture": "#0"}
			}
		},
		{
			"from": [8.45, 10.22759, 8.37878],
			"to": [8.5, 10.37759, 8.42878],
			"rotation": {"angle": -22.5, "axis": "y", "origin": [8.475, 10.39527, 8.22145]},
			"faces": {
				"north": {"uv": [11.5, 9.5, 11.5625, 9.5625], "texture": "#0"},
				"east": {"uv": [10, 11.5, 10.0625, 11.5625], "texture": "#0"},
				"south": {"uv": [11.5, 10, 11.5625, 10.0625], "texture": "#0"},
				"west": {"uv": [10.5, 11.5, 10.5625, 11.5625], "texture": "#0"},
				"up": {"uv": [11.5625, 10.5625, 11.5, 10.5], "texture": "#0"},
				"down": {"uv": [11.0625, 11.5, 11, 11.5625], "texture": "#0"}
			}
		},
		{
			"from": [8.45, 10.22759, 8.41413],
			"to": [8.5, 10.37759, 8.46413],
			"rotation": {"angle": -22.5, "axis": "y", "origin": [8.475, 10.39527, 8.22145]},
			"faces": {
				"north": {"uv": [11.5, 11, 11.5625, 11.0625], "texture": "#0"},
				"east": {"uv": [11.5, 11.5, 11.5625, 11.5625], "texture": "#0"},
				"south": {"uv": [0, 12, 0.0625, 12.0625], "texture": "#0"},
				"west": {"uv": [12, 0, 12.0625, 0.0625], "texture": "#0"},
				"up": {"uv": [0.5625, 12.0625, 0.5, 12], "texture": "#0"},
				"down": {"uv": [12.0625, 0.5, 12, 0.5625], "texture": "#0"}
			}
		},
		{
			"from": [8.46768, 10.22759, 8.39645],
			"to": [8.51768, 10.37759, 8.44645],
			"rotation": {"angle": -22.5, "axis": "y", "origin": [8.475, 10.39527, 8.22145]},
			"faces": {
				"north": {"uv": [1, 12, 1.0625, 12.0625], "texture": "#0"},
				"east": {"uv": [12, 1, 12.0625, 1.0625], "texture": "#0"},
				"south": {"uv": [1.5, 12, 1.5625, 12.0625], "texture": "#0"},
				"west": {"uv": [12, 1.5, 12.0625, 1.5625], "texture": "#0"},
				"up": {"uv": [2.0625, 12.0625, 2, 12], "texture": "#0"},
				"down": {"uv": [12.0625, 2, 12, 2.0625], "texture": "#0"}
			}
		},
		{
			"from": [8.43232, 10.22759, 8.39645],
			"to": [8.48232, 10.37759, 8.44645],
			"rotation": {"angle": -22.5, "axis": "y", "origin": [8.475, 10.39527, 8.22145]},
			"faces": {
				"north": {"uv": [2.5, 12, 2.5625, 12.0625], "texture": "#0"},
				"east": {"uv": [12, 2.5, 12.0625, 2.5625], "texture": "#0"},
				"south": {"uv": [3, 12, 3.0625, 12.0625], "texture": "#0"},
				"west": {"uv": [12, 3, 12.0625, 3.0625], "texture": "#0"},
				"up": {"uv": [3.5625, 12.0625, 3.5, 12], "texture": "#0"},
				"down": {"uv": [12.0625, 3.5, 12, 3.5625], "texture": "#0"}
			}
		},
		{
			"name": "divisa",
			"from": [7, 10, 7],
			"to": [9, 10.5, 9],
			"faces": {
				"north": {"uv": [5, 4, 6, 4.25], "texture": "#0"},
				"east": {"uv": [5, 4.5, 6, 4.75], "texture": "#0"},
				"south": {"uv": [5, 5, 6, 5.25], "texture": "#0"},
				"west": {"uv": [5, 5.5, 6, 5.75], "texture": "#0"},
				"up": {"uv": [5, 5, 4, 4], "texture": "#0"},
				"down": {"uv": [1, 5, 0, 6], "texture": "#0"}
			}
		},
		{
			"name": "base",
			"from": [7, 0, 7],
			"to": [9, 10, 9],
			"faces": {
				"north": {"uv": [0, 0, 1, 5], "texture": "#0"},
				"east": {"uv": [1, 0, 2, 5], "texture": "#0"},
				"south": {"uv": [2, 0, 3, 5], "texture": "#0"},
				"west": {"uv": [3, 0, 4, 5], "texture": "#0"},
				"up": {"uv": [6, 1, 5, 0], "texture": "#0"},
				"down": {"uv": [2, 5, 1, 6], "texture": "#0"}
			}
		}
	],
	"display": {
		"thirdperson_righthand": {
			"translation": [-1.25, 0, 0],
			"scale": [0.5, 0.5, 0.5]
		},
		"thirdperson_lefthand": {
			"translation": [-1.25, 0, 0],
			"scale": [0.5, 0.5, 0.5]
		},
		"ground": {
			"scale": [0.5, 0.5, 0.5]
		}
	},
	"groups": [
		{
			"name": "Wand",
			"origin": [0, 0, 0],
			"color": 0,
			"children": [
				{
					"name": "Glass Container",
					"origin": [8, 8, 8],
					"color": 0,
					"children": [0, 1, 2, 3, 4]
				},
				{
					"name": "Crystal",
					"origin": [8, 8, 8],
					"color": 0,
					"children": [
						{
							"name": "miniCrystalAlto",
							"origin": [8.075, 10.89147, 9.32145],
							"color": 0,
							"children": [
								{
									"name": "Mid",
									"origin": [8.075, 10.89147, 9.32145],
									"color": 0,
									"children": [5, 6, 7, 8]
								},
								{
									"name": "Top",
									"origin": [8.075, 10.89147, 9.32145],
									"color": 0,
									"children": [9, 10, 11, 12]
								},
								{
									"name": "Bottom",
									"origin": [7.975, 10.59527, 9.32145],
									"color": 0,
									"children": [13, 14, 15, 16]
								}
							]
						},
						{
							"name": "miniCrystalAlto",
							"origin": [8.075, 10.89147, 9.32145],
							"color": 0,
							"children": [
								{
									"name": "Mid",
									"origin": [8.075, 10.89147, 9.32145],
									"color": 0,
									"children": [17, 18, 19, 20]
								},
								{
									"name": "Top",
									"origin": [8.075, 10.89147, 9.32145],
									"color": 0,
									"children": [21, 22, 23, 24]
								},
								{
									"name": "Bottom",
									"origin": [7.975, 10.59527, 9.32145],
									"color": 0,
									"children": [25, 26, 27, 28]
								}
							]
						},
						{
							"name": "LargeCrystal",
							"origin": [7.75, 11.75, 8],
							"color": 0,
							"children": [
								{
									"name": "bigCrystal",
									"origin": [7.75, 11.75, 8],
									"color": 0,
									"children": [
										{
											"name": "Top",
											"origin": [7.35407, 11.6434, 8.475],
											"color": 0,
											"children": [29, 30, 31, 32]
										},
										{
											"name": "Bottom",
											"origin": [7.35407, 11.6434, 8.475],
											"color": 0,
											"children": [33, 34, 35, 36]
										}
									]
								},
								{
									"name": "bigCrystal",
									"origin": [7.75, 11.75, 8],
									"color": 0,
									"children": [
										{
											"name": "Top",
											"origin": [7.35407, 11.6434, 8.475],
											"color": 0,
											"children": [37, 38, 39, 40]
										},
										{
											"name": "Bottom",
											"origin": [7.35407, 11.6434, 8.475],
											"color": 0,
											"children": [41, 42, 43, 44]
										}
									]
								}
							]
						},
						{
							"name": "LargeCrystal",
							"origin": [7.75, 11.75, 8],
							"color": 0,
							"children": [
								{
									"name": "bigCrystal",
									"origin": [7.75, 11.75, 8],
									"color": 0,
									"children": [
										{
											"name": "Top",
											"origin": [7.35407, 11.6434, 8.475],
											"color": 0,
											"children": [45, 46, 47, 48]
										},
										{
											"name": "Bottom",
											"origin": [7.35407, 11.6434, 8.475],
											"color": 0,
											"children": [49, 50, 51, 52]
										}
									]
								},
								{
									"name": "bigCrystal",
									"origin": [7.75, 11.75, 8],
									"color": 0,
									"children": [
										{
											"name": "Top",
											"origin": [7.35407, 11.6434, 8.475],
											"color": 0,
											"children": [53, 54, 55, 56]
										},
										{
											"name": "Bottom",
											"origin": [7.35407, 11.6434, 8.475],
											"color": 0,
											"children": [57, 58, 59, 60]
										}
									]
								}
							]
						},
						{
							"name": "miniCrystalAlto",
							"origin": [8.075, 10.89147, 9.32145],
							"color": 0,
							"children": [
								{
									"name": "Mid",
									"origin": [8.075, 10.89147, 9.32145],
									"color": 0,
									"children": [61, 62, 63, 64]
								},
								{
									"name": "Top",
									"origin": [8.075, 10.89147, 9.32145],
									"color": 0,
									"children": [65, 66, 67, 68]
								},
								{
									"name": "Bottom",
									"origin": [7.975, 10.59527, 9.32145],
									"color": 0,
									"children": [69, 70, 71, 72]
								}
							]
						}
					]
				},
				73,
				74
			]
		}
	]
}