{
  "credit": "Made with Blockbench",
  "texture_size": [
    64,
    64
  ],
  "elements": [
    {
      "from": [
        1,
        0,
        1
      ],
      "to": [
        15,
        1,
        15
      ],
      "faces": {
        "north": {
          "uv": [
            6,
            7,
            9.5,
            7.25
          ],
          "texture": "#1"
        },
        "east": {
          "uv": [
            6,
            7.25,
            9.5,
            7.5
          ],
          "texture": "#1"
        },
        "south": {
          "uv": [
            6,
            7.5,
            9.5,
            7.75
          ],
          "texture": "#1"
        },
        "west": {
          "uv": [
            6,
            7.75,
            9.5,
            8
          ],
          "texture": "#1"
        },
        "up": {
          "uv": [
            3.5,
            3.5,
            0,
            0
          ],
          "texture": "#1"
        },
        "down": {
          "uv": [
            3.5,
            3.5,
            0,
            7
          ],
          "texture": "#1"
        }
      }
    },
    {
      "from": [
        1,
        8,
        1
      ],
      "to": [
        15,
        9,
        15
      ],
      "faces": {
        "north": {
          "uv": [
            6,
            8,
            9.5,
            8.25
          ],
          "texture": "#1"
        },
        "east": {
          "uv": [
            6,
            8.25,
            9.5,
            8.5
          ],
          "texture": "#1"
        },
        "south": {
          "uv": [
            6,
            8.5,
            9.5,
            8.75
          ],
          "texture": "#1"
        },
        "west": {
          "uv": [
            0,
            8.75,
            3.5,
            9
          ],
          "texture": "#1"
        },
        "up": {
          "uv": [
            7,
            3.5,
            3.5,
            0
          ],
          "texture": "#1"
        },
        "down": {
          "uv": [
            7,
            3.5,
            3.5,
            7
          ],
          "texture": "#1"
        }
      }
    },
    {
      "from": [
        2,
        1,
        2
      ],
      "to": [
        3,
        8,
        14
      ],
      "faces": {
        "north": {
          "uv": [
            0,
            9,
            0.25,
            10.75
          ],
          "texture": "#1"
        },
        "east": {
          "uv": [
            0,
            7,
            3,
            8.75
          ],
          "texture": "#1"
        },
        "south": {
          "uv": [
            0.25,
            9,
            0.5,
            10.75
          ],
          "texture": "#1"
        },
        "west": {
          "uv": [
            7,
            0,
            10,
            1.75
          ],
          "texture": "#1"
        },
        "up": {
          "uv": [
            3.75,
            11.75,
            3.5,
            8.75
          ],
          "texture": "#1"
        },
        "down": {
          "uv": [
            4,
            8.75,
            3.75,
            11.75
          ],
          "texture": "#1"
        }
      }
    },
    {
      "from": [
        13,
        1,
        2
      ],
      "to": [
        14,
        8,
        14
      ],
      "faces": {
        "north": {
          "uv": [
            0.5,
            9,
            0.75,
            10.75
          ],
          "texture": "#1"
        },
        "east": {
          "uv": [
            7,
            1.75,
            10,
            3.5
          ],
          "texture": "#1"
        },
        "south": {
          "uv": [
            0.75,
            9,
            1,
            10.75
          ],
          "texture": "#1"
        },
        "west": {
          "uv": [
            3,
            7,
            6,
            8.75
          ],
          "texture": "#1"
        },
        "up": {
          "uv": [
            4.25,
            11.75,
            4,
            8.75
          ],
          "texture": "#1"
        },
        "down": {
          "uv": [
            4.5,
            8.75,
            4.25,
            11.75
          ],
          "texture": "#1"
        }
      }
    },
    {
      "from": [
        3,
        1,
        2
      ],
      "to": [
        13,
        8,
        3
      ],
      "faces": {
        "north": {
          "uv": [
            7,
            3.5,
            9.5,
            5.25
          ],
          "texture": "#1"
        },
        "east": {
          "uv": [
            1,
            9,
            1.25,
            10.75
          ],
          "texture": "#1"
        },
        "south": {
          "uv": [
            7,
            5.25,
            9.5,
            7
          ],
          "texture": "#1"
        },
        "west": {
          "uv": [
            1.25,
            9,
            1.5,
            10.75
          ],
          "texture": "#1"
        },
        "up": {
          "uv": [
            7,
            9,
            4.5,
            8.75
          ],
          "texture": "#1"
        },
        "down": {
          "uv": [
            9.5,
            8.75,
            7,
            9
          ],
          "texture": "#1"
        }
      }
    },
    {
      "from": [
        3,
        1,
        13
      ],
      "to": [
        13,
        8,
        14
      ],
      "faces": {
        "north": {
          "uv": [
            7,
            3.5,
            9.5,
            5.25
          ],
          "texture": "#1"
        },
        "east": {
          "uv": [
            1,
            9,
            1.25,
            10.75
          ],
          "texture": "#1"
        },
        "south": {
          "uv": [
            7,
            5.25,
            9.5,
            7
          ],
          "texture": "#1"
        },
        "west": {
          "uv": [
            1.25,
            9,
            1.5,
            10.75
          ],
          "texture": "#1"
        },
        "up": {
          "uv": [
            7,
            9,
            4.5,
            8.75
          ],
          "texture": "#1"
        },
        "down": {
          "uv": [
            9.5,
            8.75,
            7,
            9
          ],
          "texture": "#1"
        }
      }
    }
  ],
  "display": {
    "thirdperson_righthand": {
      "rotation": [
        -136.11,
        0,
        -180
      ],
      "translation": [
        0,
        1.75,
        0
      ],
      "scale": [
        0.5,
        0.5,
        0.5
      ]
    },
    "thirdperson_lefthand": {
      "translation": [
        0,
        1.75,
        0
      ],
      "scale": [
        0.5,
        0.5,
        0.5
      ]
    },
    "firstperson_righthand": {
      "rotation": [
        0,
        180,
        0
      ]
    },
    "firstperson_lefthand": {
      "rotation": [
        0,
        180,
        0
      ]
    },
    "ground": {
      "scale": [
        0.5,
        0.5,
        0.5
      ]
    },
    "gui": {
      "rotation": [
        -180,
        0,
        -180
      ]
    },
    "fixed": {
      "rotation": [
        -180,
        87,
        -180
      ]
    }
  },
  "groups": [
    {
      "name": "EnergyProjector",
      "origin": [
        8,
        8,
        8
      ],
      "color": 0,
      "children": [
        {
          "name": "Bases",
          "origin": [
            0,
            0,
            0
          ],
          "color": 0,
          "children": [
            0,
            1
          ]
        },
        {
          "name": "Paredes",
          "origin": [
            8,
            8,
            8
          ],
          "color": 0,
          "children": [
            2,
            3,
            4,
            5
          ]
        }
      ]
    }
  ]
}