{
  "credit": "Made with Blockbench",
  "texture_size": [
    64,
    64
  ],
  "elements": [
    {
      "name": "base",
      "from": [
        2,
        15,
        11
      ],
      "to": [
        5,
        16,
        13
      ],
      "faces": {
        "north": {
          "uv": [
            2.25,
            9.5,
            3,
            9.75
          ],
          "texture": "#0"
        },
        "east": {
          "uv": [
            9.5,
            5,
            10,
            5.25
          ],
          "texture": "#0"
        },
        "south": {
          "uv": [
            2.25,
            8.75,
            3,
            9
          ],
          "texture": "#0"
        },
        "west": {
          "uv": [
            6.5,
            5.75,
            7,
            6
          ],
          "texture": "#0"
        },
        "up": {
          "uv": [
            4.25,
            9.75,
            3.5,
            9.25
          ],
          "rotation": 180,
          "texture": "#0"
        },
        "down": {
          "uv": [
            5,
            9.25,
            4.25,
            9.75
          ],
          "rotation": 180,
          "texture": "#0"
        }
      }
    },
    {
      "name": "braço",
      "from": [
        3,
        16,
        12
      ],
      "to": [
        4,
        19,
        13
      ],
      "faces": {
        "north": {
          "uv": [
            3,
            9.5,
            3.25,
            10.25
          ],
          "texture": "#0"
        },
        "east": {
          "uv": [
            3.25,
            9.5,
            3.5,
            10.25
          ],
          "texture": "#0"
        },
        "south": {
          "uv": [
            3,
            7,
            3.25,
            7.75
          ],
          "texture": "#0"
        },
        "west": {
          "uv": [
            3.25,
            7,
            3.5,
            7.75
          ],
          "texture": "#0"
        },
        "up": {
          "uv": [
            7,
            8,
            6.75,
            7.75
          ],
          "rotation": 180,
          "texture": "#0"
        },
        "down": {
          "uv": [
            9.75,
            9.25,
            9.5,
            9.5
          ],
          "rotation": 180,
          "texture": "#0"
        }
      }
    },
    {
      "name": "braço",
      "from": [
        3,
        18,
        11
      ],
      "to": [
        4,
        20,
        12
      ],
      "faces": {
        "north": {
          "uv": [
            6,
            9.5,
            6.25,
            10
          ],
          "texture": "#0"
        },
        "east": {
          "uv": [
            6.25,
            9.5,
            6.5,
            10
          ],
          "texture": "#0"
        },
        "south": {
          "uv": [
            9.5,
            5.25,
            9.75,
            5.75
          ],
          "texture": "#0"
        },
        "west": {
          "uv": [
            5.75,
            9.5,
            6,
            10
          ],
          "texture": "#0"
        },
        "up": {
          "uv": [
            9.75,
            9.75,
            9.5,
            9.5
          ],
          "rotation": 180,
          "texture": "#0"
        },
        "down": {
          "uv": [
            0.5,
            9.75,
            0.25,
            10
          ],
          "rotation": 180,
          "texture": "#0"
        }
      }
    },
    {
      "name": "braço",
      "from": [
        3,
        19,
        7
      ],
      "to": [
        4,
        20,
        11
      ],
      "faces": {
        "north": {
          "uv": [
            0.75,
            9.75,
            1,
            10
          ],
          "texture": "#0"
        },
        "east": {
          "uv": [
            9.25,
            9,
            10.25,
            9.25
          ],
          "texture": "#0"
        },
        "south": {
          "uv": [
            0.5,
            9.75,
            0.75,
            10
          ],
          "texture": "#0"
        },
        "west": {
          "uv": [
            8.25,
            9.25,
            9.25,
            9.5
          ],
          "texture": "#0"
        },
        "up": {
          "uv": [
            9.5,
            10.25,
            9.25,
            9.25
          ],
          "rotation": 180,
          "texture": "#0"
        },
        "down": {
          "uv": [
            0.25,
            9.5,
            0,
            10.5
          ],
          "rotation": 180,
          "texture": "#0"
        }
      }
    },
    {
      "name": "braço",
      "from": [
        3,
        18,
        6
      ],
      "to": [
        4,
        19,
        8
      ],
      "faces": {
        "north": {
          "uv": [
            1.25,
            9.75,
            1.5,
            10
          ],
          "texture": "#0"
        },
        "east": {
          "uv": [
            9.5,
            6.75,
            10,
            7
          ],
          "texture": "#0"
        },
        "south": {
          "uv": [
            1,
            9.75,
            1.25,
            10
          ],
          "texture": "#0"
        },
        "west": {
          "uv": [
            6.5,
            9.5,
            7,
            9.75
          ],
          "texture": "#0"
        },
        "up": {
          "uv": [
            7.25,
            10,
            7,
            9.5
          ],
          "rotation": 180,
          "texture": "#0"
        },
        "down": {
          "uv": [
            9.75,
            7,
            9.5,
            7.5
          ],
          "rotation": 180,
          "texture": "#0"
        }
      }
    },
    {
      "from": [
        6,
        17,
        11
      ],
      "to": [
        15,
        22,
        12
      ],
      "faces": {
        "north": {
          "uv": [
            3,
            7.75,
            5.25,
            9
          ],
          "texture": "#0"
        },
        "east": {
          "uv": [
            8,
            9.25,
            8.25,
            10.5
          ],
          "texture": "#0"
        },
        "south": {
          "uv": [
            7,
            6.75,
            9.25,
            8
          ],
          "texture": "#0"
        },
        "west": {
          "uv": [
            9.25,
            6.75,
            9.5,
            8
          ],
          "texture": "#0"
        },
        "up": {
          "uv": [
            2.25,
            9,
            0,
            8.75
          ],
          "rotation": 180,
          "texture": "#0"
        },
        "down": {
          "uv": [
            9.25,
            9,
            7,
            9.25
          ],
          "rotation": 180,
          "texture": "#0"
        }
      }
    },
    {
      "name": "base",
      "from": [
        11,
        15,
        12
      ],
      "to": [
        12,
        16,
        13
      ],
      "faces": {
        "north": {
          "uv": [
            2,
            9.75,
            2.25,
            10
          ],
          "texture": "#0"
        },
        "east": {
          "uv": [
            2.25,
            9.75,
            2.5,
            10
          ],
          "texture": "#0"
        },
        "south": {
          "uv": [
            1.5,
            9.75,
            1.75,
            10
          ],
          "texture": "#0"
        },
        "west": {
          "uv": [
            1.75,
            9.75,
            2,
            10
          ],
          "texture": "#0"
        },
        "up": {
          "uv": [
            2.75,
            10,
            2.5,
            9.75
          ],
          "rotation": 180,
          "texture": "#0"
        },
        "down": {
          "uv": [
            3,
            9.75,
            2.75,
            10
          ],
          "rotation": 180,
          "texture": "#0"
        }
      }
    },
    {
      "name": "base",
      "from": [
        9,
        16,
        13
      ],
      "to": [
        10,
        18,
        14
      ],
      "faces": {
        "north": {
          "uv": [
            9.5,
            7.5,
            9.75,
            8
          ],
          "texture": "#0"
        },
        "east": {
          "uv": [
            7.75,
            9.5,
            8,
            10
          ],
          "texture": "#0"
        },
        "south": {
          "uv": [
            7.25,
            9.5,
            7.5,
            10
          ],
          "texture": "#0"
        },
        "west": {
          "uv": [
            7.5,
            9.5,
            7.75,
            10
          ],
          "texture": "#0"
        },
        "up": {
          "uv": [
            3.75,
            10,
            3.5,
            9.75
          ],
          "rotation": 180,
          "texture": "#0"
        },
        "down": {
          "uv": [
            4,
            9.75,
            3.75,
            10
          ],
          "rotation": 180,
          "texture": "#0"
        }
      }
    },
    {
      "name": "base",
      "from": [
        11,
        16,
        13
      ],
      "to": [
        12,
        18,
        14
      ],
      "faces": {
        "north": {
          "uv": [
            8.75,
            9.5,
            9,
            10
          ],
          "texture": "#0"
        },
        "east": {
          "uv": [
            9,
            9.5,
            9.25,
            10
          ],
          "texture": "#0"
        },
        "south": {
          "uv": [
            8.25,
            9.5,
            8.5,
            10
          ],
          "texture": "#0"
        },
        "west": {
          "uv": [
            8.5,
            9.5,
            8.75,
            10
          ],
          "texture": "#0"
        },
        "up": {
          "uv": [
            4.25,
            10,
            4,
            9.75
          ],
          "rotation": 180,
          "texture": "#0"
        },
        "down": {
          "uv": [
            4.5,
            9.75,
            4.25,
            10
          ],
          "rotation": 180,
          "texture": "#0"
        }
      }
    },
    {
      "name": "base",
      "from": [
        9,
        15,
        12
      ],
      "to": [
        10,
        16,
        13
      ],
      "faces": {
        "north": {
          "uv": [
            5,
            9.75,
            5.25,
            10
          ],
          "texture": "#0"
        },
        "east": {
          "uv": [
            5.25,
            9.75,
            5.5,
            10
          ],
          "texture": "#0"
        },
        "south": {
          "uv": [
            4.5,
            9.75,
            4.75,
            10
          ],
          "texture": "#0"
        },
        "west": {
          "uv": [
            4.75,
            9.75,
            5,
            10
          ],
          "texture": "#0"
        },
        "up": {
          "uv": [
            10,
            5.5,
            9.75,
            5.25
          ],
          "rotation": 180,
          "texture": "#0"
        },
        "down": {
          "uv": [
            5.75,
            9.75,
            5.5,
            10
          ],
          "rotation": 180,
          "texture": "#0"
        }
      }
    },
    {
      "name": "base",
      "from": [
        11,
        18,
        12
      ],
      "to": [
        12,
        19,
        13
      ],
      "faces": {
        "north": {
          "uv": [
            6.75,
            9.75,
            7,
            10
          ],
          "texture": "#0"
        },
        "east": {
          "uv": [
            9.75,
            7,
            10,
            7.25
          ],
          "texture": "#0"
        },
        "south": {
          "uv": [
            9.75,
            5.5,
            10,
            5.75
          ],
          "texture": "#0"
        },
        "west": {
          "uv": [
            6.5,
            9.75,
            6.75,
            10
          ],
          "texture": "#0"
        },
        "up": {
          "uv": [
            10,
            7.5,
            9.75,
            7.25
          ],
          "rotation": 180,
          "texture": "#0"
        },
        "down": {
          "uv": [
            10,
            7.5,
            9.75,
            7.75
          ],
          "rotation": 180,
          "texture": "#0"
        }
      }
    },
    {
      "name": "base",
      "from": [
        9,
        18,
        12
      ],
      "to": [
        10,
        19,
        13
      ],
      "faces": {
        "north": {
          "uv": [
            9.5,
            9.75,
            9.75,
            10
          ],
          "texture": "#0"
        },
        "east": {
          "uv": [
            9.75,
            9.5,
            10,
            9.75
          ],
          "texture": "#0"
        },
        "south": {
          "uv": [
            9.75,
            7.75,
            10,
            8
          ],
          "texture": "#0"
        },
        "west": {
          "uv": [
            9.75,
            9.25,
            10,
            9.5
          ],
          "texture": "#0"
        },
        "up": {
          "uv": [
            10,
            10,
            9.75,
            9.75
          ],
          "rotation": 180,
          "texture": "#0"
        },
        "down": {
          "uv": [
            10.25,
            0,
            10,
            0.25
          ],
          "rotation": 180,
          "texture": "#0"
        }
      }
    },
    {
      "from": [
        9,
        15,
        5
      ],
      "to": [
        10,
        16,
        6
      ],
      "faces": {
        "north": {
          "uv": [
            0.5,
            10,
            0.75,
            10.25
          ],
          "texture": "#0"
        },
        "east": {
          "uv": [
            10,
            0.5,
            10.25,
            0.75
          ],
          "texture": "#0"
        },
        "south": {
          "uv": [
            0.25,
            10,
            0.5,
            10.25
          ],
          "texture": "#0"
        },
        "west": {
          "uv": [
            10,
            0.25,
            10.25,
            0.5
          ],
          "texture": "#0"
        },
        "up": {
          "uv": [
            1,
            10.25,
            0.75,
            10
          ],
          "rotation": 180,
          "texture": "#0"
        },
        "down": {
          "uv": [
            10.25,
            0.75,
            10,
            1
          ],
          "rotation": 180,
          "texture": "#0"
        }
      }
    },
    {
      "from": [
        9,
        15,
        7
      ],
      "to": [
        10,
        16,
        8
      ],
      "faces": {
        "north": {
          "uv": [
            1.25,
            10,
            1.5,
            10.25
          ],
          "texture": "#0"
        },
        "east": {
          "uv": [
            10,
            1.25,
            10.25,
            1.5
          ],
          "texture": "#0"
        },
        "south": {
          "uv": [
            1,
            10,
            1.25,
            10.25
          ],
          "texture": "#0"
        },
        "west": {
          "uv": [
            10,
            1,
            10.25,
            1.25
          ],
          "texture": "#0"
        },
        "up": {
          "uv": [
            1.75,
            10.25,
            1.5,
            10
          ],
          "rotation": 180,
          "texture": "#0"
        },
        "down": {
          "uv": [
            10.25,
            1.5,
            10,
            1.75
          ],
          "rotation": 180,
          "texture": "#0"
        }
      }
    },
    {
      "from": [
        3,
        15,
        5
      ],
      "to": [
        4,
        16,
        6
      ],
      "faces": {
        "north": {
          "uv": [
            2,
            10,
            2.25,
            10.25
          ],
          "texture": "#0"
        },
        "east": {
          "uv": [
            10,
            2,
            10.25,
            2.25
          ],
          "texture": "#0"
        },
        "south": {
          "uv": [
            1.75,
            10,
            2,
            10.25
          ],
          "texture": "#0"
        },
        "west": {
          "uv": [
            10,
            1.75,
            10.25,
            2
          ],
          "texture": "#0"
        },
        "up": {
          "uv": [
            2.5,
            10.25,
            2.25,
            10
          ],
          "rotation": 180,
          "texture": "#0"
        },
        "down": {
          "uv": [
            10.25,
            2.25,
            10,
            2.5
          ],
          "rotation": 180,
          "texture": "#0"
        }
      }
    },
    {
      "from": [
        3,
        15,
        7
      ],
      "to": [
        4,
        16,
        8
      ],
      "faces": {
        "north": {
          "uv": [
            2.75,
            10,
            3,
            10.25
          ],
          "texture": "#0"
        },
        "east": {
          "uv": [
            10,
            2.75,
            10.25,
            3
          ],
          "texture": "#0"
        },
        "south": {
          "uv": [
            2.5,
            10,
            2.75,
            10.25
          ],
          "texture": "#0"
        },
        "west": {
          "uv": [
            10,
            2.5,
            10.25,
            2.75
          ],
          "texture": "#0"
        },
        "up": {
          "uv": [
            10.25,
            3.25,
            10,
            3
          ],
          "rotation": 180,
          "texture": "#0"
        },
        "down": {
          "uv": [
            10.25,
            3.25,
            10,
            3.5
          ],
          "rotation": 180,
          "texture": "#0"
        }
      }
    },
    {
      "name": "cubo",
      "from": [
        1,
        14,
        8
      ],
      "to": [
        15,
        15,
        15
      ],
      "faces": {
        "north": {
          "uv": [
            6.75,
            8.25,
            10.25,
            8.5
          ],
          "texture": "#0"
        },
        "east": {
          "uv": [
            1.75,
            9.25,
            3.5,
            9.5
          ],
          "texture": "#0"
        },
        "south": {
          "uv": [
            6.75,
            8,
            10.25,
            8.25
          ],
          "texture": "#0"
        },
        "west": {
          "uv": [
            0,
            9.25,
            1.75,
            9.5
          ],
          "texture": "#0"
        },
        "up": {
          "uv": [
            7,
            7.75,
            3.5,
            6
          ],
          "rotation": 180,
          "texture": "#0"
        },
        "down": {
          "uv": [
            10,
            0,
            6.5,
            1.75
          ],
          "rotation": 180,
          "texture": "#0"
        }
      }
    },
    {
      "name": "cubo",
      "from": [
        1,
        14,
        1
      ],
      "to": [
        15,
        15,
        5
      ],
      "faces": {
        "north": {
          "uv": [
            5.25,
            8.75,
            8.75,
            9
          ],
          "texture": "#0"
        },
        "east": {
          "uv": [
            1.25,
            9.5,
            2.25,
            9.75
          ],
          "texture": "#0"
        },
        "south": {
          "uv": [
            5.25,
            8.5,
            8.75,
            8.75
          ],
          "texture": "#0"
        },
        "west": {
          "uv": [
            0.25,
            9.5,
            1.25,
            9.75
          ],
          "texture": "#0"
        },
        "up": {
          "uv": [
            10,
            2.75,
            6.5,
            1.75
          ],
          "rotation": 180,
          "texture": "#0"
        },
        "down": {
          "uv": [
            10,
            2.75,
            6.5,
            3.75
          ],
          "rotation": 180,
          "texture": "#0"
        }
      }
    },
    {
      "from": [
        9,
        14,
        5
      ],
      "to": [
        15,
        15,
        8
      ],
      "faces": {
        "north": {
          "uv": [
            6.5,
            9.25,
            8,
            9.5
          ],
          "texture": "#0"
        },
        "east": {
          "uv": [
            9.5,
            4,
            10.25,
            4.25
          ],
          "texture": "#0"
        },
        "south": {
          "uv": [
            5,
            9.25,
            6.5,
            9.5
          ],
          "texture": "#0"
        },
        "west": {
          "uv": [
            9.5,
            3.75,
            10.25,
            4
          ],
          "texture": "#0"
        },
        "up": {
          "uv": [
            6.75,
            8.5,
            5.25,
            7.75
          ],
          "rotation": 180,
          "texture": "#0"
        },
        "down": {
          "uv": [
            1.5,
            8,
            0,
            8.75
          ],
          "rotation": 180,
          "texture": "#0"
        }
      }
    },
    {
      "from": [
        1,
        14,
        5
      ],
      "to": [
        4,
        15,
        8
      ],
      "faces": {
        "north": {
          "uv": [
            9.5,
            4.75,
            10.25,
            5
          ],
          "texture": "#0"
        },
        "east": {
          "uv": [
            5,
            9.5,
            5.75,
            9.75
          ],
          "texture": "#0"
        },
        "south": {
          "uv": [
            9.5,
            4.25,
            10.25,
            4.5
          ],
          "texture": "#0"
        },
        "west": {
          "uv": [
            9.5,
            4.5,
            10.25,
            4.75
          ],
          "texture": "#0"
        },
        "up": {
          "uv": [
            2.25,
            8.75,
            1.5,
            8
          ],
          "rotation": 180,
          "texture": "#0"
        },
        "down": {
          "uv": [
            3,
            8,
            2.25,
            8.75
          ],
          "rotation": 180,
          "texture": "#0"
        }
      }
    },
    {
      "name": "suporte",
      "from": [
        2,
        10,
        2
      ],
      "to": [
        14,
        14,
        14
      ],
      "faces": {
        "north": {
          "uv": [
            0,
            7,
            3,
            8
          ],
          "texture": "#0"
        },
        "east": {
          "uv": [
            7,
            5.75,
            10,
            6.75
          ],
          "texture": "#0"
        },
        "south": {
          "uv": [
            6.5,
            3.75,
            9.5,
            4.75
          ],
          "texture": "#0"
        },
        "west": {
          "uv": [
            6.5,
            4.75,
            9.5,
            5.75
          ],
          "texture": "#0"
        },
        "up": {
          "uv": [
            6.5,
            3,
            3.5,
            0
          ],
          "rotation": 180,
          "texture": "#0"
        },
        "down": {
          "uv": [
            6.5,
            3,
            3.5,
            6
          ],
          "rotation": 180,
          "texture": "#0"
        }
      }
    },
    {
      "name": "base",
      "from": [
        1,
        9,
        1
      ],
      "to": [
        15,
        10,
        15
      ],
      "faces": {
        "north": {
          "uv": [
            0,
            9,
            3.5,
            9.25
          ],
          "texture": "#0"
        },
        "east": {
          "uv": [
            3.5,
            9,
            7,
            9.25
          ],
          "texture": "#0"
        },
        "south": {
          "uv": [
            8.75,
            8.5,
            12.25,
            8.75
          ],
          "texture": "#0"
        },
        "west": {
          "uv": [
            8.75,
            8.75,
            12.25,
            9
          ],
          "texture": "#0"
        },
        "up": {
          "uv": [
            3.5,
            3.5,
            0,
            0
          ],
          "rotation": 180,
          "texture": "#0"
        },
        "down": {
          "uv": [
            3.5,
            3.5,
            0,
            7
          ],
          "rotation": 180,
          "texture": "#0"
        }
      }
    }
  ],
  "display": {
    "thirdperson_righthand": {
      "rotation": [
        -136.11,
        0,
        -180
      ],
      "translation": [
        0,
        1.75,
        0
      ],
      "scale": [
        0.5,
        0.5,
        0.5
      ]
    },
    "thirdperson_lefthand": {
      "translation": [
        0,
        1.75,
        0
      ],
      "scale": [
        0.5,
        0.5,
        0.5
      ]
    },
    "firstperson_righthand": {
      "rotation": [
        0,
        180,
        0
      ]
    },
    "firstperson_lefthand": {
      "rotation": [
        0,
        180,
        0
      ]
    },
    "ground": {
      "scale": [
        0.5,
        0.5,
        0.5
      ]
    },
    "gui": {
      "rotation": [
        -180,
        0,
        -180
      ]
    },
    "fixed": {
      "rotation": [
        -180,
        87,
        -180
      ]
    }
  },
  "groups": [
    {
      "name": "Mesa",
      "origin": [
        0,
        0,
        0
      ],
      "color": 0,
      "children": [
        {
          "name": "Braço",
          "origin": [
            0,
            0,
            0
          ],
          "color": 0,
          "children": [
            0,
            1,
            2,
            3,
            4
          ]
        },
        {
          "name": "Monitor",
          "origin": [
            8,
            8,
            8
          ],
          "color": 0,
          "children": [
            {
              "name": "TelaDoMonitor",
              "origin": [
                0,
                0,
                0
              ],
              "color": 0,
              "children": [
                5
              ]
            },
            {
              "name": "ApoioDoMonitor",
              "origin": [
                0,
                0,
                0
              ],
              "color": 0,
              "children": [
                6,
                7,
                8,
                9,
                10,
                11
              ]
            }
          ]
        },
        {
          "name": "TopoMeio",
          "origin": [
            0,
            0,
            0
          ],
          "color": 0,
          "children": [
            {
              "name": "Garrinhas",
              "origin": [
                0,
                0,
                0
              ],
              "color": 0,
              "children": [
                12,
                13,
                14,
                15
              ]
            },
            {
              "name": "Tampa",
              "origin": [
                0,
                0,
                0
              ],
              "color": 0,
              "children": [
                16,
                17,
                18,
                19
              ]
            }
          ]
        },
        20,
        21
      ]
    }
  ]
}