{
  "_fv": 34,
  "_type": "gui",
  "definition": {
    "type": 1,
    "width": 176,
    "height": 166,
    "inventoryOffsetX": 0,
    "inventoryOffsetY": 0,
    "renderBgLayer": true,
    "doesPauseGame": false,
    "components": [
      {
        "type": "label",
        "data": {
          "text": "Processing Table",
          "color": {
            "value": -12829636,
            "falpha": 0.0
          },
          "name": "Processing Table",
          "x": 131,
          "y": 41
        }
      },
      {
        "type": "label",
        "data": {
          "text": "Fuel:<BNBT:integer:fuelRemaining>%",
          "color": {
            "value": -12829636,
            "falpha": 0.0
          },
          "name": "Fuel:<BNBT:integer:fuelRemaining>%",
          "x": 229,
          "y": 41
        }
      },
      {
        "type": "inputslot",
        "data": {
          "inputLimit": {
            "value": ""
          },
          "id": 0,
          "disableStackInteraction": false,
          "dropItemsWhenNotBound": true,
          "name": "Slot #0",
          "x": 132,
          "y": 62
        }
      },
      {
        "type": "inputslot",
        "data": {
          "inputLimit": {
            "value": ""
          },
          "id": 1,
          "disableStackInteraction": false,
          "dropItemsWhenNotBound": true,
          "name": "Slot #1",
          "x": 132,
          "y": 89
        }
      },
      {
        "type": "outputslot",
        "data": {
          "id": 2,
          "disableStackInteraction": false,
          "dropItemsWhenNotBound": true,
          "name": "Slot #2",
          "x": 159,
          "y": 71
        }
      }
    ],
    "gridSettings": {
      "sx": 18,
      "sy": 18,
      "ox": 11,
      "oy": 15,
      "snapOnGrid": false
    }
  }
}